probe_coupling,certification_accuracy,false_certification_rate,false_rejection_rate,shortcut_pass_rate,robust_pass_rate,false_certifications,false_rejections
1.0,0.9013888888888889,0.004219409282700422,0.2804878048780488,0.002777777777777778,0.49444444444444446,2.0,69.0
0.75,0.9236111111111112,0.012658227848101266,0.1991869918699187,0.019444444444444445,0.5444444444444444,6.0,49.0
0.5,0.9388888888888889,0.027426160337552744,0.12601626016260162,0.03888888888888889,0.5944444444444444,13.0,31.0
0.25,0.9013888888888889,0.10548523206751055,0.08536585365853659,0.11388888888888889,0.65,50.0,21.0
0.0,0.8194444444444444,0.23839662447257384,0.06910569105691057,0.2638888888888889,0.6861111111111111,113.0,17.0
